"match_id","series","round_num","tick","seconds","clock_time","player_steam_id","player_name","player_team","bomb_action","bomb_site","created_at"
"2hwmhm2w",1,1,33530,88.546875,"00:27","76561198100798845","Arttub0b","mastermix123","plant_begin","B","2023-06-05 10:21:13.955723+00"
"2hwmhm2w",1,1,33920,91.59375,"00:24","76561198100798845","Arttub0b","mastermix123","plant","B","2023-06-05 10:21:13.955723+00"
"2hwmhm2w",1,2,46912,54.3125,"01:01","76561198314392309","n0te","mastermix123","plant_begin","B","2023-06-05 10:21:13.955723+00"
"2hwmhm2w",1,2,47302,57.359375,"00:58","76561198314392309","n0te","mastermix123","plant","B","2023-06-05 10:21:13.955723+00"
"2hwmhm2w",1,3,58426,49.890625,"01:06","76561198314392309","n0te","mastermix123","plant_begin","B","2023-06-05 10:21:13.955723+00"
"2hwmhm2w",1,3,58816,52.9375,"01:03","76561198314392309","n0te","mastermix123","plant","B","2023-06-05 10:21:13.955723+00"
"2hwmhm2w",1,7,111822,82.421875,"00:33","76561198037278295","Beruya","mastermix123","plant_begin","B","2023-06-05 10:21:13.955723+00"
"2hwmhm2w",1,7,112212,85.46875,"00:30","76561198037278295","Beruya","mastermix123","plant","B","2023-06-05 10:21:13.955723+00"
"2hwmhm2w",1,7,115374,24.703125,"00:16","76561198246325048","swiiffter","EC Brugge","defuse_start","B","2023-06-05 10:21:13.955723+00"
"2hwmhm2w",1,7,115408,24.96875,"00:16","76561198246325048","swiiffter","EC Brugge","defuse_aborted","B","2023-06-05 10:21:13.955723+00"
"2hwmhm2w",1,7,115900,28.8125,"00:12","76561198246325048","swiiffter","EC Brugge","defuse_start","B","2023-06-05 10:21:13.955723+00"
"2hwmhm2w",1,7,116116,30.5,"00:10","76561198246325048","swiiffter","EC Brugge","defuse_aborted","B","2023-06-05 10:21:13.955723+00"
"2hwmhm2w",1,8,129867,85.28125,"00:30","76561198314392309","n0te","mastermix123","plant_begin","A","2023-06-05 10:21:13.955723+00"
"2hwmhm2w",1,8,130257,88.328125,"00:27","76561198314392309","n0te","mastermix123","plant","A","2023-06-05 10:21:13.955723+00"
"2hwmhm2w",1,9,142785,56.390625,"00:59","76561198314392309","n0te","mastermix123","plant_begin","A","2023-06-05 10:21:13.955723+00"
"2hwmhm2w",1,9,143175,59.4375,"00:56","76561198314392309","n0te","mastermix123","plant","A","2023-06-05 10:21:13.955723+00"
"2hwmhm2w",1,10,157098,50.171875,"01:05","76561198314392309","n0te","mastermix123","plant_begin","A","2023-06-05 10:21:13.955723+00"
"2hwmhm2w",1,10,157488,53.21875,"01:02","76561198314392309","n0te","mastermix123","plant","A","2023-06-05 10:21:13.955723+00"
"2hwmhm2w",1,11,178614,102.03125,"00:13","76561198100798845","Arttub0b","mastermix123","plant_begin","A","2023-06-05 10:21:13.955723+00"
"2hwmhm2w",1,11,178632,102.171875,"00:13","76561198100798845","Arttub0b","mastermix123","plant_abort","A","2023-06-05 10:21:13.955723+00"
"2hwmhm2w",1,11,179344,107.734375,"00:08","76561198100798845","Arttub0b","mastermix123","plant_begin","A","2023-06-05 10:21:13.955723+00"
"2hwmhm2w",1,11,179356,107.828125,"00:08","76561198100798845","Arttub0b","mastermix123","plant_abort","A","2023-06-05 10:21:13.955723+00"
"2hwmhm2w",1,12,187326,38.8125,"01:17","76561198821532633","eneshan","mastermix123","plant_begin","B","2023-06-05 10:21:13.955723+00"
"2hwmhm2w",1,12,187716,41.859375,"01:14","76561198821532633","eneshan","mastermix123","plant","B","2023-06-05 10:21:13.955723+00"
"2hwmhm2w",1,13,204646,69.265625,"00:46","76561198314392309","n0te","mastermix123","plant_begin","B","2023-06-05 10:21:13.955723+00"
"2hwmhm2w",1,13,205036,72.3125,"00:43","76561198314392309","n0te","mastermix123","plant","B","2023-06-05 10:21:13.955723+00"
"2hwmhm2w",1,15,228545,70.953125,"00:45","76561198100798845","Arttub0b","mastermix123","plant_begin","A","2023-06-05 10:21:13.955723+00"
"2hwmhm2w",1,15,228935,74,"00:41","76561198100798845","Arttub0b","mastermix123","plant","A","2023-06-05 10:21:13.955723+00"
"2hwmhm2w",1,16,244074,62.09375,"00:53","76561198032071879","n0tice","EC Brugge","plant_begin","B","2023-06-05 10:21:13.955723+00"
"2hwmhm2w",1,16,244464,65.140625,"00:50","76561198032071879","n0tice","EC Brugge","plant","B","2023-06-05 10:21:13.955723+00"
"2hwmhm2w",1,16,245792,10.375,"00:30","76561198191301766","RONDE","mastermix123","defuse_start","B","2023-06-05 10:21:13.955723+00"
"2hwmhm2w",1,16,247074,20.390625,"00:20","76561198191301766","RONDE","mastermix123","defuse","B","2023-06-05 10:21:13.955723+00"
"2hwmhm2w",1,20,296254,76.3203125,"00:39","76561198140853900","Stev0se","EC Brugge","plant_begin","A","2023-06-05 10:21:13.955723+00"
"2hwmhm2w",1,20,296644,79.3671875,"00:36","76561198140853900","Stev0se","EC Brugge","plant","A","2023-06-05 10:21:13.955723+00"
"2hwmhm2w",1,20,299494,22.265625,"00:18","76561198037278295","Beruya","mastermix123","defuse_start","A","2023-06-05 10:21:13.955723+00"
"2hwmhm2w",1,20,300134,27.265625,"00:13","76561198037278295","Beruya","mastermix123","defuse","A","2023-06-05 10:21:13.955723+00"
"2hwmhm2w",2,1,18094,24.6953125,"01:31","76561197971923260","simixinho","EC Brugge","plant_begin","A","2023-06-05 10:23:10.6181+00"
"2hwmhm2w",2,1,18484,27.7421875,"01:28","76561197971923260","simixinho","EC Brugge","plant","A","2023-06-05 10:23:10.6181+00"
"2hwmhm2w",2,1,21074,20.234375,"00:20","76561198100798845","Arttub0b","mastermix123","defuse_start","A","2023-06-05 10:23:10.6181+00"
"2hwmhm2w",2,1,22354,30.234375,"00:10","76561198100798845","Arttub0b","mastermix123","defuse","A","2023-06-05 10:23:10.6181+00"
"2hwmhm2w",2,2,33167,62.46875,"00:53","76561197971923260","simixinho","EC Brugge","plant_begin","B","2023-06-05 10:23:10.6181+00"
"2hwmhm2w",2,2,33555,65.5,"00:50","76561197971923260","simixinho","EC Brugge","plant","B","2023-06-05 10:23:10.6181+00"
"2hwmhm2w",2,3,48529,85.2578125,"00:30","76561197971923260","simixinho","EC Brugge","plant_begin","B","2023-06-05 10:23:10.6181+00"
"2hwmhm2w",2,3,48919,88.3046875,"00:27","76561197971923260","simixinho","EC Brugge","plant","B","2023-06-05 10:23:10.6181+00"
"2hwmhm2w",2,4,61960,54.296875,"01:01","76561198032071879","n0tice","EC Brugge","plant_begin","A","2023-06-05 10:23:10.6181+00"
"2hwmhm2w",2,4,62298,56.9375,"00:59","76561198032071879","n0tice","EC Brugge","plant_abort","A","2023-06-05 10:23:10.6181+00"
"2hwmhm2w",2,4,62426,57.9375,"00:58","76561198032071879","n0tice","EC Brugge","plant_begin","A","2023-06-05 10:23:10.6181+00"
"2hwmhm2w",2,4,62816,60.984375,"00:55","76561198032071879","n0tice","EC Brugge","plant","A","2023-06-05 10:23:10.6181+00"
"2hwmhm2w",2,5,80359,74.0546875,"00:41","76561198246325048","swiiffter","EC Brugge","plant_begin","A","2023-06-05 10:23:10.6181+00"
"2hwmhm2w",2,5,80751,77.1171875,"00:38","76561198246325048","swiiffter","EC Brugge","plant","A","2023-06-05 10:23:10.6181+00"
"2hwmhm2w",2,6,92861,31.6015625,"01:24","76561197971923260","simixinho","EC Brugge","plant_begin","A","2023-06-05 10:23:10.6181+00"
"2hwmhm2w",2,6,93251,34.6484375,"01:21","76561197971923260","simixinho","EC Brugge","plant","A","2023-06-05 10:23:10.6181+00"
"2hwmhm2w",2,6,96551,25.78125,"00:15","76561198191301766","RONDE","mastermix123","defuse_start","A","2023-06-05 10:23:10.6181+00"
"2hwmhm2w",2,6,97191,30.78125,"00:10","76561198191301766","RONDE","mastermix123","defuse","A","2023-06-05 10:23:10.6181+00"
"2hwmhm2w",2,7,109669,75.484375,"00:40","76561198246325048","swiiffter","EC Brugge","plant_begin","B","2023-06-05 10:23:10.6181+00"
"2hwmhm2w",2,7,110059,78.53125,"00:37","76561198246325048","swiiffter","EC Brugge","plant","B","2023-06-05 10:23:10.6181+00"
"2hwmhm2w",2,8,122817,36.6640625,"01:19","76561198032071879","n0tice","EC Brugge","plant_begin","B","2023-06-05 10:23:10.6181+00"
"2hwmhm2w",2,8,123207,39.7109375,"01:16","76561198032071879","n0tice","EC Brugge","plant","B","2023-06-05 10:23:10.6181+00"
"2hwmhm2w",2,8,126423,25.125,"00:15","76561198821532633","eneshan","mastermix123","defuse_start","B","2023-06-05 10:23:10.6181+00"
"2hwmhm2w",2,8,126451,25.34375,"00:15","76561198821532633","eneshan","mastermix123","defuse_aborted","B","2023-06-05 10:23:10.6181+00"
"2hwmhm2w",2,8,126703,27.3125,"00:13","76561198821532633","eneshan","mastermix123","defuse_start","B","2023-06-05 10:23:10.6181+00"
"2hwmhm2w",2,8,127985,37.328125,"00:03","76561198821532633","eneshan","mastermix123","defuse","B","2023-06-05 10:23:10.6181+00"
"2hwmhm2w",2,9,137576,52.9296875,"01:03","76561197971923260","simixinho","EC Brugge","plant_begin","B","2023-06-05 10:23:10.6181+00"
"2hwmhm2w",2,9,137968,55.9921875,"00:60","76561197971923260","simixinho","EC Brugge","plant","B","2023-06-05 10:23:10.6181+00"
"2hwmhm2w",2,10,149880,30.0703125,"01:25","76561198246325048","swiiffter","EC Brugge","plant_begin","A","2023-06-05 10:23:10.6181+00"
"2hwmhm2w",2,10,150270,33.1171875,"01:22","76561198246325048","swiiffter","EC Brugge","plant","A","2023-06-05 10:23:10.6181+00"
"2hwmhm2w",2,11,165016,52.203125,"01:03","76561197971923260","simixinho","EC Brugge","plant_begin","B","2023-06-05 10:23:10.6181+00"
"2hwmhm2w",2,11,165408,55.265625,"00:60","76561197971923260","simixinho","EC Brugge","plant","B","2023-06-05 10:23:10.6181+00"
"2hwmhm2w",2,12,175395,49.78125,"01:06","76561197971923260","simixinho","EC Brugge","plant_begin","B","2023-06-05 10:23:10.6181+00"
"2hwmhm2w",2,12,175785,52.828125,"01:03","76561197971923260","simixinho","EC Brugge","plant","B","2023-06-05 10:23:10.6181+00"
"2hwmhm2w",2,13,194871,104.6171875,"00:11","76561198140853900","Stev0se","EC Brugge","plant_begin","A","2023-06-05 10:23:10.6181+00"
"2hwmhm2w",2,13,195261,107.6640625,"00:08","76561198140853900","Stev0se","EC Brugge","plant","A","2023-06-05 10:23:10.6181+00"
"2hwmhm2w",2,13,197689,18.96875,"00:22","76561198037278295","Beruya","mastermix123","defuse_start","A","2023-06-05 10:23:10.6181+00"
"2hwmhm2w",2,13,198329,23.96875,"00:17","76561198037278295","Beruya","mastermix123","defuse","A","2023-06-05 10:23:10.6181+00"
"2hwmhm2w",2,15,222508,29.890625,"01:26","76561197971923260","simixinho","EC Brugge","plant_begin","B","2023-06-05 10:23:10.6181+00"
"2hwmhm2w",2,15,222900,32.953125,"01:23","76561197971923260","simixinho","EC Brugge","plant","B","2023-06-05 10:23:10.6181+00"
"2hwmhm2w",2,16,233096,42.578125,"01:13","76561198314392309","n0te","mastermix123","plant_begin","B","2023-06-05 10:23:10.6181+00"
"2hwmhm2w",2,16,233398,44.9375,"01:11","76561198314392309","n0te","mastermix123","plant_abort","B","2023-06-05 10:23:10.6181+00"
"2hwmhm2w",2,16,233838,48.375,"01:07","76561198314392309","n0te","mastermix123","plant_begin","B","2023-06-05 10:23:10.6181+00"
"2hwmhm2w",2,16,234228,51.421875,"01:04","76561198314392309","n0te","mastermix123","plant","B","2023-06-05 10:23:10.6181+00"
"2hwmhm2w",2,17,241769,25.953125,"01:30","76561198314392309","n0te","mastermix123","plant_begin","A","2023-06-05 10:23:10.6181+00"
"2hwmhm2w",2,17,242159,29,"01:26","76561198314392309","n0te","mastermix123","plant","A","2023-06-05 10:23:10.6181+00"
"2hwmhm2w",2,17,245475,25.90625,"00:15","76561198140853900","Stev0se","EC Brugge","defuse_start","A","2023-06-05 10:23:10.6181+00"
"2hwmhm2w",2,17,245845,28.796875,"00:12","76561198140853900","Stev0se","EC Brugge","defuse_aborted","A","2023-06-05 10:23:10.6181+00"
"2hwmhm2w",2,18,254071,42.25,"01:13","76561198314392309","n0te","mastermix123","plant_begin","B","2023-06-05 10:23:10.6181+00"
"2hwmhm2w",2,18,254461,45.296875,"01:10","76561198314392309","n0te","mastermix123","plant","B","2023-06-05 10:23:10.6181+00"
"2hwmhm2w",2,20,282751,68.65625,"00:47","76561198314392309","n0te","mastermix123","plant_begin","B","2023-06-05 10:23:10.6181+00"
"2hwmhm2w",2,20,283141,71.703125,"00:44","76561198314392309","n0te","mastermix123","plant","B","2023-06-05 10:23:10.6181+00"
"2hwmhm2w",2,21,303335,94.765625,"00:21","76561198314392309","n0te","mastermix123","plant_begin","B","2023-06-05 10:23:10.6181+00"
"2hwmhm2w",2,21,303725,97.8125,"00:18","76561198314392309","n0te","mastermix123","plant","B","2023-06-05 10:23:10.6181+00"
"2hwmhm2w",2,22,314020,46.328125,"01:09","76561198037278295","Beruya","mastermix123","plant_begin","A","2023-06-05 10:23:10.6181+00"
"2hwmhm2w",2,22,314410,49.375,"01:06","76561198037278295","Beruya","mastermix123","plant","A","2023-06-05 10:23:10.6181+00"
"2hwmhm2w",2,22,317162,21.5,"00:19","76561197971923260","simixinho","EC Brugge","defuse_start","A","2023-06-05 10:23:10.6181+00"
"2hwmhm2w",2,22,318445,31.5234375,"00:09","76561197971923260","simixinho","EC Brugge","defuse","A","2023-06-05 10:23:10.6181+00"
"2hwmhm2w",2,23,328877,59.515625,"00:56","76561198314392309","n0te","mastermix123","plant_begin","B","2023-06-05 10:23:10.6181+00"
"2hwmhm2w",2,23,329267,62.5625,"00:53","76561198314392309","n0te","mastermix123","plant","B","2023-06-05 10:23:10.6181+00"
"2hwmhm2w",2,23,331609,18.296875,"00:22","76561198140853900","Stev0se","EC Brugge","defuse_start","B","2023-06-05 10:23:10.6181+00"
"2hwmhm2w",2,23,332249,23.296875,"00:17","76561198140853900","Stev0se","EC Brugge","defuse","B","2023-06-05 10:23:10.6181+00"
"2hwmhm2w",2,25,347575,21.90625,"01:34","76561198314392309","n0te","mastermix123","plant_begin","A","2023-06-05 10:23:10.6181+00"
"2hwmhm2w",2,25,347965,24.953125,"01:31","76561198314392309","n0te","mastermix123","plant","A","2023-06-05 10:23:10.6181+00"
"2hwmhm2w",2,26,357614,24.671875,"01:31","76561198100798845","Arttub0b","mastermix123","plant_begin","B","2023-06-05 10:23:10.6181+00"
"2hwmhm2w",2,26,358004,27.71875,"01:28","76561198100798845","Arttub0b","mastermix123","plant","B","2023-06-05 10:23:10.6181+00"
"2hwmhm2w",2,27,369289,25.15625,"01:30","76561198821532633","eneshan","mastermix123","plant_begin","B","2023-06-05 10:23:10.6181+00"
"2hwmhm2w",2,27,369679,28.203125,"01:27","76561198821532633","eneshan","mastermix123","plant","B","2023-06-05 10:23:10.6181+00"
"2hwmhm2w",2,27,370931,9.78125,"00:31","76561198315324300","MAGILA-","EC Brugge","defuse_start","B","2023-06-05 10:23:10.6181+00"
"2hwmhm2w",2,27,372213,19.796875,"00:21","76561198315324300","MAGILA-","EC Brugge","defuse","B","2023-06-05 10:23:10.6181+00"
"2hwmhm2w",2,28,383826,68.71875,"00:47","76561198314392309","n0te","mastermix123","plant_begin","B","2023-06-05 10:23:10.6181+00"
"2hwmhm2w",2,28,384216,71.765625,"00:44","76561198314392309","n0te","mastermix123","plant","B","2023-06-05 10:23:10.6181+00"
"2hwmhm2w",2,29,393777,49.640625,"01:06","76561198191301766","RONDE","mastermix123","plant_begin","B","2023-06-05 10:23:10.6181+00"
"2hwmhm2w",2,29,394165,52.671875,"01:03","76561198191301766","RONDE","mastermix123","plant","B","2023-06-05 10:23:10.6181+00"
"2hwmhm2w",3,3,51026,61.125,"00:54","76561198315324300","MAGILA-","EC Brugge","plant_begin","B","2023-06-05 10:25:22.904578+00"
"2hwmhm2w",3,3,51416,64.171875,"00:51","76561198315324300","MAGILA-","EC Brugge","plant","B","2023-06-05 10:25:22.904578+00"
"2hwmhm2w",3,3,52976,12.1875,"00:28","76561198314392309","n0te","mastermix123","defuse_start","B","2023-06-05 10:25:22.904578+00"
"2hwmhm2w",3,3,53106,13.203125,"00:27","76561198314392309","n0te","mastermix123","defuse_aborted","B","2023-06-05 10:25:22.904578+00"
"2hwmhm2w",3,3,53344,15.0625,"00:25","76561198314392309","n0te","mastermix123","defuse_start","B","2023-06-05 10:25:22.904578+00"
"2hwmhm2w",3,3,54622,25.046875,"00:15","76561198314392309","n0te","mastermix123","defuse","B","2023-06-05 10:25:22.904578+00"
"2hwmhm2w",3,7,105448,68.296875,"00:47","76561197971923260","simixinho","EC Brugge","plant_begin","B","2023-06-05 10:25:22.904578+00"
"2hwmhm2w",3,7,105838,71.34375,"00:44","76561197971923260","simixinho","EC Brugge","plant","B","2023-06-05 10:25:22.904578+00"
"2hwmhm2w",3,8,122527,83.359375,"00:32","76561198140853900","Stev0se","EC Brugge","plant_begin","A","2023-06-05 10:25:22.904578+00"
"2hwmhm2w",3,8,122919,86.421875,"00:29","76561198140853900","Stev0se","EC Brugge","plant","A","2023-06-05 10:25:22.904578+00"
"2hwmhm2w",3,12,174553,95.0703125,"00:20","76561198140853900","Stev0se","EC Brugge","plant_begin","B","2023-06-05 10:25:22.904578+00"
"2hwmhm2w",3,12,174943,98.1171875,"00:17","76561198140853900","Stev0se","EC Brugge","plant","B","2023-06-05 10:25:22.904578+00"
"2hwmhm2w",3,13,179766,20.84375,"01:35","76561198032071879","n0tice","EC Brugge","plant_begin","B","2023-06-05 10:25:22.904578+00"
"2hwmhm2w",3,13,180156,23.890625,"01:32","76561198032071879","n0tice","EC Brugge","plant","B","2023-06-05 10:25:22.904578+00"
"2hwmhm2w",3,14,197572,73.046875,"00:42","76561198315324300","MAGILA-","EC Brugge","plant_begin","A","2023-06-05 10:25:22.904578+00"
"2hwmhm2w",3,14,197962,76.09375,"00:39","76561198315324300","MAGILA-","EC Brugge","plant","A","2023-06-05 10:25:22.904578+00"
"2hwmhm2w",3,14,200178,17.3125,"00:23","76561198100798845","Arttub0b","mastermix123","defuse_start","A","2023-06-05 10:25:22.904578+00"
"2hwmhm2w",3,14,200820,22.328125,"00:18","76561198100798845","Arttub0b","mastermix123","defuse","A","2023-06-05 10:25:22.904578+00"
"2hwmhm2w",3,15,213650,78.234375,"00:37","76561198246325048","swiiffter","EC Brugge","plant_begin","A","2023-06-05 10:25:22.904578+00"
"2hwmhm2w",3,15,214040,81.28125,"00:34","76561198246325048","swiiffter","EC Brugge","plant","A","2023-06-05 10:25:22.904578+00"
"2hwmhm2w",3,15,216610,20.078125,"00:20","76561198821532633","eneshan","mastermix123","defuse_start","A","2023-06-05 10:25:22.904578+00"
"2hwmhm2w",3,15,216750,21.171875,"00:19","76561198821532633","eneshan","mastermix123","defuse_aborted","A","2023-06-05 10:25:22.904578+00"
"2hwmhm2w",3,15,216960,22.8125,"00:18","76561198821532633","eneshan","mastermix123","defuse_start","A","2023-06-05 10:25:22.904578+00"
"2hwmhm2w",3,15,217601,27.8203125,"00:13","76561198821532633","eneshan","mastermix123","defuse","A","2023-06-05 10:25:22.904578+00"
"2hwmhm2w",3,20,285711,70.3125,"00:45","76561198314392309","n0te","mastermix123","plant_begin","A","2023-06-05 10:25:22.904578+00"
"2hwmhm2w",3,20,286103,73.375,"00:42","76561198314392309","n0te","mastermix123","plant","A","2023-06-05 10:25:22.904578+00"
"2hwmhm2w",3,21,297849,29.3671875,"01:26","76561198037278295","Beruya","mastermix123","plant_begin","B","2023-06-05 10:25:22.904578+00"
"2hwmhm2w",3,21,298239,32.4140625,"01:23","76561198037278295","Beruya","mastermix123","plant","B","2023-06-05 10:25:22.904578+00"
"2hwmhm2w",3,21,301561,25.953125,"00:15","76561198032071879","n0tice","EC Brugge","defuse_start","B","2023-06-05 10:25:22.904578+00"
"2hwmhm2w",3,21,301775,27.625,"00:13","76561198032071879","n0tice","EC Brugge","defuse_aborted","B","2023-06-05 10:25:22.904578+00"
"2hwmhm2w",3,21,302621,34.234375,"00:06","76561198032071879","n0tice","EC Brugge","defuse_start","B","2023-06-05 10:25:22.904578+00"
"2hwmhm2w",3,21,303263,39.25,"00:01","76561198032071879","n0tice","EC Brugge","defuse","B","2023-06-05 10:25:22.904578+00"
"2hwmhm2w",3,23,333685,89.96875,"00:26","76561198100798845","Arttub0b","mastermix123","plant_begin","B","2023-06-05 10:25:22.904578+00"
"2hwmhm2w",3,23,334075,93.015625,"00:22","76561198100798845","Arttub0b","mastermix123","plant","B","2023-06-05 10:25:22.904578+00"
"2hwmhm2w",3,24,341251,33.546875,"01:22","76561198191301766","RONDE","mastermix123","plant_begin","A","2023-06-05 10:25:22.904578+00"
"2hwmhm2w",3,24,341641,36.59375,"01:19","76561198191301766","RONDE","mastermix123","plant","A","2023-06-05 10:25:22.904578+00"
"2hwmhm2w",3,26,372333,61.09375,"00:54","76561198314392309","n0te","mastermix123","plant_begin","A","2023-06-05 10:25:22.904578+00"
"2hwmhm2w",3,26,372723,64.140625,"00:51","76561198314392309","n0te","mastermix123","plant","A","2023-06-05 10:25:22.904578+00"
"2hwmhm2w",3,26,374129,10.984375,"00:30","76561197971923260","simixinho","EC Brugge","defuse_start","A","2023-06-05 10:25:22.904578+00"
"2hwmhm2w",3,26,374771,16,"00:24","76561197971923260","simixinho","EC Brugge","defuse","A","2023-06-05 10:25:22.904578+00"
"2hwmhm2w",3,27,382682,39.8125,"01:16","76561198037278295","Beruya","mastermix123","plant_begin","A","2023-06-05 10:25:22.904578+00"
"2hwmhm2w",3,27,383072,42.859375,"01:13","76561198037278295","Beruya","mastermix123","plant","A","2023-06-05 10:25:22.904578+00"
"2hwmhm2w",3,27,386430,26.234375,"00:14","76561197971923260","simixinho","EC Brugge","defuse_start","A","2023-06-05 10:25:22.904578+00"
"2hwmhm2w",3,27,387070,31.234375,"00:09","76561197971923260","simixinho","EC Brugge","defuse","A","2023-06-05 10:25:22.904578+00"
"2hwmhm2w",3,28,399811,77.53125,"00:38","76561198100798845","Arttub0b","mastermix123","plant_begin","A","2023-06-05 10:25:22.904578+00"
"2hwmhm2w",3,28,400201,80.578125,"00:35","76561198100798845","Arttub0b","mastermix123","plant","A","2023-06-05 10:25:22.904578+00"
"2x7q7fae",1,1,20598,16.203125,"01:39","76561198336814871","WCfreshie","Wildcard","plant_begin","B","2023-06-02 13:29:55.166079+00"
"2x7q7fae",1,1,20622,16.390625,"01:39","76561198336814871","WCfreshie","Wildcard","plant_abort","B","2023-06-02 13:29:55.166079+00"
"2x7q7fae",1,1,21168,20.65625,"01:35","76561198336814871","WCfreshie","Wildcard","plant_begin","B","2023-06-02 13:29:55.166079+00"
"2x7q7fae",1,1,21558,23.703125,"01:32","76561198336814871","WCfreshie","Wildcard","plant","B","2023-06-02 13:29:55.166079+00"
"2x7q7fae",1,5,89764,91.6796875,"00:24","76561198153580037","WCSLIGHT","Wildcard","plant_begin","B","2023-06-02 13:29:55.166079+00"
"2x7q7fae",1,5,90154,94.7265625,"00:21","76561198153580037","WCSLIGHT","Wildcard","plant","B","2023-06-02 13:29:55.166079+00"
"2x7q7fae",1,11,166874,82.875,"00:33","76561198336814871","WCfreshie","Wildcard","plant_begin","B","2023-06-02 13:29:55.166079+00"
"2x7q7fae",1,11,167264,85.921875,"00:30","76561198336814871","WCfreshie","Wildcard","plant","B","2023-06-02 13:29:55.166079+00"
"2x7q7fae",1,11,168100,6.53125,"00:34","76561198079574545","nouns.bwills","Nouns esports","defuse_start","B","2023-06-02 13:29:55.166079+00"
"2x7q7fae",1,11,168740,11.53125,"00:29","76561198079574545","nouns.bwills","Nouns esports","defuse","B","2023-06-02 13:29:55.166079+00"
"2x7q7fae",1,13,204955,71.078125,"00:44","76561198162408395","WCd4rty","Wildcard","plant_begin","B","2023-06-02 13:29:55.166079+00"
"2x7q7fae",1,13,205345,74.125,"00:41","76561198162408395","WCd4rty","Wildcard","plant","B","2023-06-02 13:29:55.166079+00"
"2x7q7fae",1,14,215241,44.453125,"01:11","76561198162408395","WCd4rty","Wildcard","plant_begin","B","2023-06-02 13:29:55.166079+00"
"2x7q7fae",1,14,215631,47.5,"01:08","76561198162408395","WCd4rty","Wildcard","plant","B","2023-06-02 13:29:55.166079+00"
"2x7q7fae",1,25,319206,58.375,"00:57","76561198000828093","nouns.cJ-dA-K1nG","Nouns esports","plant_begin","A","2023-06-02 13:29:55.166079+00"
"2x7q7fae",1,25,319596,61.421875,"00:54","76561198000828093","nouns.cJ-dA-K1nG","Nouns esports","plant","A","2023-06-02 13:29:55.166079+00"
"2x7q7fae",1,27,348463,52.90625,"01:03","76561198079574545","nouns.bwills","Nouns esports","plant_begin","A","2023-06-02 13:29:55.166079+00"
"2x7q7fae",1,27,348853,55.953125,"00:60","76561198079574545","nouns.bwills","Nouns esports","plant","A","2023-06-02 13:29:55.166079+00"
"2x7q7fae",1,27,351784,22.8984375,"00:18","76561198162408395","WCd4rty","Wildcard","defuse_start","A","2023-06-02 13:29:55.166079+00"
"2x7q7fae",1,27,352426,27.9140625,"00:13","76561198162408395","WCd4rty","Wildcard","defuse","A","2023-06-02 13:29:55.166079+00"
"2x7q7fae",1,29,373265,63.90625,"00:52","76561198061787931","nouns.Carson","Nouns esports","plant_begin","B","2023-06-02 13:29:55.166079+00"
"2x7q7fae",1,29,373655,66.953125,"00:49","76561198061787931","nouns.Carson","Nouns esports","plant","B","2023-06-02 13:29:55.166079+00"
"2x7q7fae",1,29,376673,23.578125,"00:17","76561198336814871","WCfreshie","Wildcard","defuse_start","B","2023-06-02 13:29:55.166079+00"
"2x7q7fae",1,29,377955,33.59375,"00:07","76561198336814871","WCfreshie","Wildcard","defuse","B","2023-06-02 13:29:55.166079+00"
"2x7q7fae",1,30,390766,75.078125,"00:40","76561198067197966","nouns.c1nyc","Nouns esports","plant_begin","A","2023-06-02 13:29:55.166079+00"
"2x7q7fae",1,30,391156,78.125,"00:37","76561198067197966","nouns.c1nyc","Nouns esports","plant","A","2023-06-02 13:29:55.166079+00"
"2x7q7fae",1,30,394282,24.421875,"00:16","76561198029235071","WCCryptic","Wildcard","defuse_start","A","2023-06-02 13:29:55.166079+00"
"2x7q7fae",1,30,394306,24.609375,"00:16","76561198029235071","WCCryptic","Wildcard","defuse_aborted","A","2023-06-02 13:29:55.166079+00"
"2x7q7fae",1,30,394882,29.109375,"00:11","76561198029235071","WCCryptic","Wildcard","defuse_start","A","2023-06-02 13:29:55.166079+00"
"2x7q7fae",1,30,394906,29.296875,"00:11","76561198029235071","WCCryptic","Wildcard","defuse_aborted","A","2023-06-02 13:29:55.166079+00"
"2x7q7fae",1,31,406975,62.84375,"00:53","76561198061787931","nouns.Carson","Nouns esports","plant_begin","B","2023-06-02 13:29:55.166079+00"
"2x7q7fae",1,32,422583,99.71875,"00:16","76561197962903163","nouns.MarKE","Nouns esports","plant_begin","A","2023-06-02 13:29:55.166079+00"
"2x7q7fae",1,32,422973,102.765625,"00:13","76561197962903163","nouns.MarKE","Nouns esports","plant","A","2023-06-02 13:29:55.166079+00"
"2x7q7fae",1,34,445635,25.28125,"01:30","76561198067197966","nouns.c1nyc","Nouns esports","plant_begin","B","2023-06-02 13:29:55.166079+00"
"2x7q7fae",1,34,446025,28.328125,"01:27","76561198067197966","nouns.c1nyc","Nouns esports","plant","B","2023-06-02 13:29:55.166079+00"
"2x7q7fae",1,34,448013,15.53125,"00:25","76561198140337447","WCbrett","Wildcard","defuse_start","B","2023-06-02 13:29:55.166079+00"
"2x7q7fae",1,34,448657,20.5625,"00:20","76561198140337447","WCbrett","Wildcard","defuse","B","2023-06-02 13:29:55.166079+00"
"2x7q7fae",1,35,457647,45.234375,"01:10","76561198067197966","nouns.c1nyc","Nouns esports","plant_begin","A","2023-06-02 13:29:55.166079+00"
"2x7q7fae",1,35,458037,48.28125,"01:07","76561198067197966","nouns.c1nyc","Nouns esports","plant","A","2023-06-02 13:29:55.166079+00"
"3z6hw9ra",1,5,67247,48.984375,"01:07","76561198125960766","abby","Shimmer","plant_begin","A","2023-06-03 11:56:28.975771+00"
"3z6hw9ra",1,5,67637,52.03125,"01:03","76561198125960766","abby","Shimmer","plant","A","2023-06-03 11:56:28.975771+00"
"3z6hw9ra",1,5,70395,21.546875,"00:19","76561198371036559","Kat","Nigma Galaxy","defuse_start","A","2023-06-03 11:56:28.975771+00"
"3z6hw9ra",1,5,70434,21.8515625,"00:19","76561198371036559","Kat","Nigma Galaxy","defuse_aborted","A","2023-06-03 11:56:28.975771+00"
"3z6hw9ra",1,5,70615,23.265625,"00:17","76561198371036559","Kat","Nigma Galaxy","defuse_start","A","2023-06-03 11:56:28.975771+00"
"3z6hw9ra",1,5,71257,28.28125,"00:12","76561198371036559","Kat","Nigma Galaxy","defuse","A","2023-06-03 11:56:28.975771+00"
"3z6hw9ra",1,8,106087,60.609375,"00:55","76561198387364231","lisa","Shimmer","plant_begin","A","2023-06-03 11:56:28.975771+00"
"3z6hw9ra",1,8,106477,63.65625,"00:52","76561198387364231","lisa","Shimmer","plant","A","2023-06-03 11:56:28.975771+00"
"3z6hw9ra",1,9,117351,40.6328125,"01:15","76561198366108712","vanessa","Shimmer","plant_begin","B","2023-06-03 11:56:28.975771+00"
"3z6hw9ra",1,9,117741,43.6796875,"01:12","76561198366108712","vanessa","Shimmer","plant","B","2023-06-03 11:56:28.975771+00"
"3z6hw9ra",1,9,120020,17.8046875,"00:23","76561198809859276","twenty3","Nigma Galaxy","defuse_start","B","2023-06-03 11:56:28.975771+00"
"3z6hw9ra",1,9,120046,18.0078125,"00:22","76561198809859276","twenty3","Nigma Galaxy","defuse_aborted","B","2023-06-03 11:56:28.975771+00"
"3z6hw9ra",1,9,120930,24.9140625,"00:16","76561198809859276","twenty3","Nigma Galaxy","defuse_start","B","2023-06-03 11:56:28.975771+00"
"3z6hw9ra",1,9,121572,29.9296875,"00:11","76561198809859276","twenty3","Nigma Galaxy","defuse","B","2023-06-03 11:56:28.975771+00"
"3z6hw9ra",1,10,137921,102.7265625,"00:13","76561197996934983","empathy","Shimmer","plant_begin","B","2023-06-03 11:56:28.975771+00"
"3z6hw9ra",1,10,138311,105.7734375,"00:10","76561197996934983","empathy","Shimmer","plant","B","2023-06-03 11:56:28.975771+00"
"3z6hw9ra",1,10,139586,9.9609375,"00:31","76561198809859276","twenty3","Nigma Galaxy","defuse_start","B","2023-06-03 11:56:28.975771+00"
"3z6hw9ra",1,10,139978,13.0234375,"00:27","76561198809859276","twenty3","Nigma Galaxy","defuse_aborted","B","2023-06-03 11:56:28.975771+00"
"3z6hw9ra",1,10,140024,13.3828125,"00:27","76561198116899423","ANa","Nigma Galaxy","defuse_start","B","2023-06-03 11:56:28.975771+00"
"3z6hw9ra",1,10,140666,18.3984375,"00:22","76561198116899423","ANa","Nigma Galaxy","defuse","B","2023-06-03 11:56:28.975771+00"
"3z6hw9ra",1,11,158308,70.984375,"00:45","76561198979041143","Lx_","Shimmer","plant_begin","B","2023-06-03 11:56:28.975771+00"
"3z6hw9ra",1,11,158334,71.1875,"00:44","76561198979041143","Lx_","Shimmer","plant_abort","B","2023-06-03 11:56:28.975771+00"
"3z6hw9ra",1,12,169172,49.09375,"01:06","76561198979041143","Lx_","Shimmer","plant_begin","A","2023-06-03 11:56:28.975771+00"
"3z6hw9ra",1,12,169562,52.140625,"01:03","76561198979041143","Lx_","Shimmer","plant","A","2023-06-03 11:56:28.975771+00"
"3z6hw9ra",1,12,172486,22.84375,"00:18","76561198116899423","ANa","Nigma Galaxy","defuse_start","A","2023-06-03 11:56:28.975771+00"
"3z6hw9ra",1,12,172501,22.9609375,"00:18","76561198116899423","ANa","Nigma Galaxy","defuse_aborted","A","2023-06-03 11:56:28.975771+00"
"3z6hw9ra",1,12,173091,27.5703125,"00:13","76561198116899423","ANa","Nigma Galaxy","defuse_start","A","2023-06-03 11:56:28.975771+00"
"3z6hw9ra",1,12,173112,27.734375,"00:13","76561198116899423","ANa","Nigma Galaxy","defuse_aborted","A","2023-06-03 11:56:28.975771+00"
"3z6hw9ra",1,14,208611,75.6875,"00:40","76561198366108712","vanessa","Shimmer","plant_begin","B","2023-06-03 11:56:28.975771+00"
"3z6hw9ra",1,14,209001,78.734375,"00:37","76561198366108712","vanessa","Shimmer","plant","B","2023-06-03 11:56:28.975771+00"
"3z6hw9ra",1,14,210444,11.2734375,"00:29","76561198116899423","ANa","Nigma Galaxy","defuse_start","B","2023-06-03 11:56:28.975771+00"
"3z6hw9ra",1,14,211086,16.2890625,"00:24","76561198116899423","ANa","Nigma Galaxy","defuse","B","2023-06-03 11:56:28.975771+00"
"3z6hw9ra",1,16,251883,35.015625,"01:20","76561198116899423","ANa","Nigma Galaxy","plant_begin","A","2023-06-03 11:56:28.975771+00"
"3z6hw9ra",1,16,252273,38.0625,"01:17","76561198116899423","ANa","Nigma Galaxy","plant","A","2023-06-03 11:56:28.975771+00"
"3z6hw9ra",1,18,268746,19.40625,"01:36","76561198809859276","twenty3","Nigma Galaxy","plant_begin","B","2023-06-03 11:56:28.975771+00"
"3z6hw9ra",1,18,269136,22.453125,"01:33","76561198809859276","twenty3","Nigma Galaxy","plant","B","2023-06-03 11:56:28.975771+00"
